{"cameraMode":{"drawMode":0,"name":"Shaded","section":"Shading Mode"},"sceneLighting":true,"audioPlay":false,"sceneViewState":{"showFog":true,"showMaterialUpdate":true,"showSkybox":true,"showFlares":true,"showImageEffects":true,"showParticleSystems":true},"in2DMode":false,"pivot":{"x":13.086884498596192,"y":-9.955179214477539,"z":10.734479904174805},"rotation":{"x":0.35554859042167666,"y":0.40742355585098269,"z":-0.17611144483089448,"w":0.8225433230400086},"size":31.391742706298829,"orthographic":true}